periodo,IMAI (índice desest.),Var. mensual desest. (%),Var. anual desest. (%),IMAI (índice original),Var. anual original (%),Acumulado ene-mes original (%),Minería (índice desest.),"Energía, agua y gas (índice desest.)",Construcción (índice desest.),Industrias manufactureras (índice desest.),Var. anual Minería (%),Var. anual Energía (%),Var. anual Construcción (%),Var. anual Manufacturas (%),Var. mensual Minería (%),Var. mensual Energía (%),Var. mensual Construcción (%),Var. mensual Manufacturas (%)
Ene 93,63.272062,,,63.743195,,,103.791704,32.321012,68.122462,56.768832,,,,,,,,
Feb 93,65.754518,,,65.129105,,,104.815112,32.33758,70.040527,59.069734,,,,,,,,
Mar 93,66.225466,,,67.030844,,,106.035047,32.150354,70.183783,59.776878,,,,,,,,
Abr 93,65.394288,,,64.937333,,,106.622372,32.249288,69.164287,59.205082,,,,,,,,
May 93,65.388202,,,64.931306,,,106.171715,32.138717,70.663808,58.820606,,,,,,,,
Jun 93,64.901136,,,62.186893,,,107.05554,31.676656,69.202238,58.517924,,,,,,,,
Jul 93,65.489996,,,64.668992,,,106.864856,31.380974,68.805229,59.753154,,,,,,,,
Ago 93,65.646416,,,66.694206,,,106.859976,30.920263,69.609644,59.977773,,,,,,,,
Sep 93,65.495639,,,67.315367,,,107.622073,30.76838,70.626439,59.610126,,,,,,,,
Oct 93,65.783575,,,66.861484,,,108.66606,30.115427,70.882545,59.908136,,,,,,,,
Nov 93,65.820709,,,65.251575,,,108.915399,29.535808,72.820521,59.319982,,,,,,,,
Dic 93,66.825409,,,67.29294,,,108.901147,29.100576,74.866836,59.916768,,,,,,,,
Ene 94,67.29867,,,67.806586,,0.063713,107.687382,28.662111,76.58284,59.774321,,,,,,,,
Feb 94,66.946636,,,66.27533,,0.040408,106.412207,28.042259,79.369457,58.250358,,,,,,,,
Mar 94,67.679952,,,68.493565,,0.034043,106.727856,28.21072,82.232558,59.024081,,,,,,,,
Abr 94,71.101125,,,70.498291,,0.046882,106.631781,28.023872,83.721802,64.344113,,,,,,,,
May 94,68.39774,,,67.891245,,0.046624,107.256185,27.65848,82.575767,60.394126,,,,,,,,
Jun 94,68.331869,,,65.746425,,0.04833,106.603631,27.726279,82.097719,60.812211,,,,,,,,
Jul 94,68.221034,,,67.431375,,0.047531,106.834724,28.04444,81.100859,60.76072,,,,,,,,
Ago 94,69.02674,,,69.935998,,0.047669,107.109755,28.142351,81.62696,62.034963,,,,,,,,
Sep 94,69.246954,,,71.00198,,0.048486,106.24354,28.586726,80.435829,62.882138,,,,,,,,
Oct 94,68.810795,,,69.998092,,0.048321,107.150644,29.343257,81.296914,61.927853,,,,,,,,
Nov 94,68.599742,,,68.24621,,0.048102,106.153819,30.084399,78.89024,62.525919,,,,,,,,
Dic 94,68.420689,,,68.89695,,0.046021,105.858665,31.131395,77.63515,61.628429,,,,,,,,
Ene 95,69.400683,,,69.816567,,0.029643,106.263058,31.763356,67.3648,65.157867,,,,,,,,
Feb 95,63.180895,,,62.544577,,-0.012834,105.004392,32.777771,54.992918,59.770068,,,,,,,,
Mar 95,62.173529,,,62.880346,,-0.036182,105.463126,33.272025,54.993882,58.318362,,,,,,,,
Abr 95,59.570258,,,58.901228,,-0.069315,105.84492,34.321343,55.198927,54.182752,,,,,,,,
May 95,59.223068,,,58.750099,,-0.082323,105.856894,34.826701,50.056932,54.743176,,,,,,,,
Jun 95,59.546278,,,57.62953,,-0.08897,107.004552,35.392535,52.249799,54.636128,,,,,,,,
Jul 95,59.999316,,,59.494394,,-0.09306,107.229634,35.696637,51.978241,55.463665,,,,,,,,
Ago 95,60.116625,,,60.722191,,-0.098034,109.182743,36.128004,53.574642,55.307337,,,,,,,,
Sep 95,61.091626,,,62.389184,,-0.100723,109.327594,36.659643,55.952296,56.145159,,,,,,,,
Oct 95,58.561032,,,59.615579,,-0.105587,82.309904,36.783071,56.388236,57.185126,,,,,,,,
Nov 95,62.461242,,,62.369919,,-0.10382,105.412313,37.182914,60.132964,57.889176,,,,,,,,
Dic 95,66.727512,,,67.125285,,-0.097273,111.515428,37.19424,66.795293,60.087167,,,,,,,,
Ene 96,66.220062,,,66.447804,,-0.04825,113.647451,36.965958,64.368492,59.27924,,,,,,,,
Feb 96,65.785235,,,65.210351,,-0.005329,115.062965,37.244268,61.91247,59.730533,,,,,,,,
Mar 96,66.937565,,,67.632855,,0.020721,114.576797,37.151984,62.812328,61.464506,,,,,,,,
Abr 96,66.36801,,,65.351346,,0.041295,116.139367,36.946235,63.714616,60.273314,,,,,,,,
May 96,67.420905,,,66.938757,,0.059724,116.14248,37.129842,64.756713,61.496552,,,,,,,,
Jun 96,68.558669,,,66.70153,,0.074911,116.54441,37.319511,66.456889,62.761273,,,,,,,,
Jul 96,68.359769,,,68.068531,,0.084486,116.648466,37.309671,69.603142,61.839399,,,,,,,,
Ago 96,68.393095,,,69.092578,,0.091091,115.164344,37.465813,68.188917,62.530372,,,,,,,,
Sep 96,68.565073,,,69.840613,,0.09429,116.645795,37.110571,67.570594,62.733115,,,,,,,,
Oct 96,69.87011,,,71.116321,,0.103885,117.479721,36.996901,69.860723,64.110977,,,,,,,,
Nov 96,70.626565,,,70.501038,,0.106331,117.595769,38.149721,68.923875,65.379706,,,,,,,,
Dic 96,72.533614,,,72.641178,,0.104143,119.305527,37.182289,73.303675,65.581107,,,,,,,,
Ene 97,70.704754,,,70.784181,,0.065319,119.227544,37.936431,68.293557,64.51342,,,,,,,,
Feb 97,71.264752,,,70.755848,,0.075107,121.685226,37.562731,67.781492,65.634431,,,,,,,,
Mar 97,71.71272,,,72.478366,,0.073915,121.076864,38.179535,67.422545,66.426359,,,,,,,,
Abr 97,72.784154,,,71.660491,,0.07951,120.900442,37.27892,71.152465,67.370743,,,,,,,,
May 97,73.542496,,,73.087978,,0.081994,122.655424,37.27122,72.467086,67.774919,,,,,,,,
Jun 97,74.364355,,,72.370902,,0.082503,124.304073,37.01241,72.026304,68.958669,,,,,,,,
Jul 97,74.979437,,,75.008654,,0.085341,124.580895,36.975292,72.292965,69.997762,,,,,,,,
Ago 97,75.531665,,,76.557683,,0.088274,125.81919,37.12526,74.205535,69.88066,,,,,,,,
Sep 97,75.659354,,,77.289398,,0.090389,126.338175,36.925397,73.170439,70.319635,,,,,,,,
Oct 97,76.577691,,,77.724001,,0.090662,126.591204,36.853709,73.249708,71.741762,,,,,,,,
Nov 97,77.146497,,,76.540821,,0.090188,126.548184,35.945673,72.571017,72.777213,,,,,,,,
Dic 97,77.291768,,,76.942233,,0.087443,125.287265,35.918717,73.095861,72.647591,,,,,,,,
Ene 98,78.244063,,,78.357954,,0.106944,125.008668,35.679296,72.03539,74.739153,,,,,,,,
Feb 98,79.466367,,,79.058457,,0.112142,127.953671,35.244126,75.387899,75.249791,,,,,,,,
Mar 98,79.96356,,,80.830052,,0.113194,127.483136,34.80716,76.803827,75.654104,,,,,,,,
Abr 98,79.636367,,,78.430902,,0.108502,128.379348,34.588262,76.392055,75.514561,,,,,,,,
May 98,79.969516,,,79.473591,,0.104202,128.486694,34.66726,76.448234,75.92107,,,,,,,,
Jun 98,79.042638,,,76.8309,,0.097046,126.357102,34.65553,75.457719,75.188806,,,,,,,,
Jul 98,79.220361,,,79.624887,,0.091795,126.798598,35.073388,76.656529,75.436632,,,,,,,,
Ago 98,79.692819,,,81.156316,,0.087623,126.283699,34.564466,76.592282,76.037159,,,,,,,,
Sep 98,79.524846,,,81.807255,,0.084208,120.871345,34.359541,79.25246,75.636445,,,,,,,,
Oct 98,79.696376,,,80.612665,,0.079247,119.311589,34.466766,78.377881,76.350041,,,,,,,,
Nov 98,79.664443,,,78.304098,,0.073966,128.012619,34.326111,73.534447,76.053999,,,,,,,,
Dic 98,80.373256,,,79.521058,,0.070473,129.029496,35.198149,77.554015,75.96375,,,,,,,,
Ene 99,80.321311,,,80.642572,,0.029179,127.524023,36.969953,80.310254,75.221652,,,,,,,,
Feb 99,80.490002,,,80.128401,,0.021322,125.276126,37.324919,79.687178,75.840636,,,,,,,,
Mar 99,80.627681,,,81.478861,,0.016812,126.877521,37.840798,80.806975,75.756074,,,,,,,,
Abr 99,81.33775,,,80.151942,,0.018087,124.046881,38.325503,78.667421,77.836248,,,,,,,,
May 99,80.629197,,,79.940046,,0.01563,124.391003,38.417529,78.46799,76.845134,,,,,,,,
Jun 99,80.275939,,,78.029514,,0.015627,120.758534,38.550177,79.609172,76.601479,,,,,,,,
Jul 99,80.442749,,,81.208532,,0.016234,123.297803,39.084586,77.536716,77.508422,,,,,,,,
Ago 99,80.682549,,,82.452877,,0.016201,122.18369,38.821051,76.973172,77.642774,,,,,,,,
Sep 99,81.566607,,,84.650287,,0.018325,122.468937,39.373811,77.539784,78.700221,,,,,,,,
Oct 99,81.046321,,,81.722948,,0.017866,123.803323,39.523397,77.518469,77.174786,,,,,,,,
Nov 99,81.737902,,,79.807642,,0.017982,125.414596,39.952972,79.062903,77.68502,,,,,,,,
Dic 99,82.267648,,,81.032693,,0.018073,123.207667,39.946304,80.182264,79.143526,,,,,,,,
Ene 00,83.509354,,,83.945872,,0.04093,127.052395,38.794389,80.251436,80.195363,,,,,,,,
Feb 00,84.747918,,,84.282162,,0.046334,124.140075,39.371884,81.89526,81.753456,,,,,,,,
Mar 00,85.202723,,,85.948388,,0.04922,126.871727,39.881847,80.192194,82.856099,,,,,,,,
Abr 00,84.720371,,,83.422082,,0.047115,129.650671,39.523765,80.927473,81.428828,,,,,,,,
May 00,85.341478,,,84.363351,,0.048748,128.996124,39.519803,81.396146,82.387945,,,,,,,,
Jun 00,86.098512,,,83.963046,,0.053189,130.451909,39.290128,79.969579,83.687992,,,,,,,,
Jul 00,86.825024,,,87.897239,,0.057406,121.634363,38.559185,78.54632,88.05865,,,,,,,,
Ago 00,85.846912,,,87.9725,,0.058626,131.558767,38.518188,79.283645,83.409375,,,,,,,,
Sep 00,85.44299,,,89.047417,,0.057849,132.144945,38.401984,77.299573,83.043668,,,,,,,,
Oct 00,85.291778,,,86.118433,,0.057436,124.918707,37.939342,77.536664,83.769968,,,,,,,,
Nov 00,84.360664,,,82.142764,,0.054914,126.617207,37.211299,76.031907,82.808318,,,,,,,,
Dic 00,82.314394,,,80.867105,,0.050159,127.298042,36.677108,74.382076,80.303585,,,,,,,,
Ene 01,85.035132,,,85.327429,,0.016459,129.20396,35.829756,73.954787,84.269106,,,,,,,,
Feb 01,84.384981,,,83.567078,,0.003994,132.802346,35.46954,72.325994,83.592203,,,,,,,,
Mar 01,83.344101,,,84.001557,,-0.005032,132.092812,35.02013,73.217903,81.384624,,,,,,,,
Abr 01,82.582808,,,81.471321,,-0.009559,128.613471,35.136506,70.122684,81.707454,,,,,,,,
May 01,83.157756,,,82.105679,,-0.013,127.805147,34.716956,71.551335,82.315335,,,,,,,,
Jun 01,82.937604,,,81.284514,,-0.016141,131.443448,35.138361,72.04273,81.209135,,,,,,,,
Jul 01,82.954438,,,83.8682,,-0.020537,131.666286,35.129889,74.432562,80.996322,,,,,,,,
Ago 01,82.923636,,,85.079516,,-0.022122,131.299521,36.480072,74.934524,80.272808,,,,,,,,
Sep 01,83.226331,,,86.791806,,-0.022495,130.487016,37.047427,74.212947,80.814694,,,,,,,,
Oct 01,81.59661,,,82.718746,,-0.024201,128.538694,38.355781,72.074032,79.132316,,,,,,,,
Nov 01,82.319115,,,80.159991,,-0.024194,132.205697,39.670577,73.053135,79.075203,,,,,,,,
Dic 01,81.745764,,,80.248652,,-0.022885,133.173163,41.614589,72.925106,77.993181,,,,,,,,
Ene 02,80.976408,,,80.802935,,-0.053035,130.102619,40.607281,70.831753,78.278267,,,,,,,,
Feb 02,79.313409,,,78.07483,,-0.059313,129.045418,42.260781,69.568835,76.916545,,,,,,,,
Mar 02,80.217116,,,80.834072,,-0.052134,126.71136,43.168953,68.129185,78.253023,,,,,,,,
Abr 02,81.638428,,,81.047205,,-0.040707,128.863835,44.581203,70.437821,79.06499,,,,,,,,
May 02,81.019187,,,80.059431,,-0.037583,129.275089,46.365423,70.884708,77.785252,,,,,,,,
Jun 02,81.221835,,,80.049304,,-0.03393,128.324348,46.847901,70.664908,78.295536,,,,,,,,
Jul 02,81.430754,,,82.03225,,-0.032194,128.366177,47.770028,71.712216,78.645268,,,,,,,,
Ago 02,82.374066,,,84.43739,,-0.029055,129.275531,47.939843,72.779375,79.240568,,,,,,,,
Sep 02,82.336918,,,85.471238,,-0.027457,127.749761,48.653582,73.959555,78.88233,,,,,,,,
Oct 02,83.261042,,,85.013253,,-0.021998,134.288724,48.571243,74.024885,79.463824,,,,,,,,
Nov 02,83.295069,,,81.092541,,-0.019058,127.204658,47.444086,74.950732,80.210681,,,,,,,,
Dic 02,82.462464,,,81.000335,,-0.016769,130.653927,49.202309,74.299967,78.394298,,,,,,,,
Ene 03,80.807259,,,80.224122,,-0.007098,130.615115,48.2091,74.572591,76.487185,,,,,,,,
Feb 03,82.607662,,,80.749692,,0.013226,131.996634,48.338302,76.447203,78.774175,,,,,,,,
Mar 03,82.069679,,,82.81682,,0.017033,133.054629,48.287946,73.292449,77.894474,,,,,,,,
Abr 03,82.25037,,,82.179856,,0.016259,131.714745,47.779546,74.202995,78.250623,,,,,,,,
May 03,82.503445,,,81.825358,,0.017408,132.566533,47.858096,72.7187,78.746456,,,,,,,,
Jun 03,83.016118,,,82.216284,,0.019022,133.667396,47.514434,73.399188,79.282753,,,,,,,,
Jul 03,82.784532,,,83.109319,,0.018162,134.586224,47.105443,74.287298,78.730654,,,,,,,,
Ago 03,82.572511,,,84.351897,,0.015664,134.620754,46.876785,73.256083,78.362205,,,,,,,,
Sep 03,82.388963,,,85.108839,,0.013337,134.321856,46.827138,72.164383,78.522181,,,,,,,,
Oct 03,82.963212,,,85.066618,,0.012023,136.974502,46.790948,74.071316,78.735594,,,,,,,,
Nov 03,82.431168,,,80.190571,,0.009933,136.381773,47.442459,71.930565,78.118122,,,,,,,,
Dic 03,83.851636,,,82.581447,,0.010725,136.914945,47.32696,74.21214,79.668073,,,,,,,,
Ene 04,84.105834,,,83.200742,,0.037053,135.655369,56.61438,80.198684,78.426619,,,,,,,,
Feb 04,84.227279,,,81.790938,,0.024927,135.070432,57.176572,77.267232,79.118955,,,,,,,,
Mar 04,85.984606,,,86.976631,,0.033523,135.699619,58.677794,79.762018,80.681626,,,,,,,,
Abr 04,85.85019,,,86.205379,,0.037431,137.146283,58.007923,79.621463,80.349363,,,,,,,,
May 04,85.500071,,,85.174245,,0.038131,136.186769,57.293668,78.507836,80.134175,,,,,,,,
Jun 04,86.020181,,,85.436674,,0.0383,136.967172,57.691004,79.517635,80.69567,,,,,,,,
Jul 04,85.588381,,,85.737916,,0.037335,134.681098,58.206161,78.213817,80.865214,,,,,,,,
Ago 04,85.574782,,,87.098194,,0.036718,134.32823,58.800479,76.725705,81.049499,,,,,,,,
Sep 04,85.671137,,,88.1123,,0.036559,137.287835,58.945915,78.415098,80.410539,,,,,,,,
Oct 04,85.996236,,,88.453902,,0.036891,139.099776,59.301885,78.764793,80.404065,,,,,,,,
Nov 04,86.03936,,,83.833235,,0.037644,136.96931,59.228435,79.711952,80.513238,,,,,,,,
Dic 04,86.283805,,,85.01106,,0.036963,132.501666,60.163566,79.621658,81.632152,,,,,,,,
Ene 05,86.500764,,,85.349727,,0.02582,136.07567,61.198864,82.007865,81.012505,,,,,,,,
Feb 05,86.874541,,,83.877222,,0.025673,136.093737,62.136524,80.040594,81.913172,,,,,,,,
Mar 05,86.653844,,,87.897155,,0.020455,134.84114,61.130769,81.384456,81.099381,,,,,,,,
Abr 05,86.946539,,,87.431751,,0.018865,137.469522,61.640703,80.384914,81.495113,,,,,,,,
May 05,87.733762,,,87.819436,,0.021318,140.075288,62.042547,81.010191,81.627615,,,,,,,,
Jun 05,86.656705,,,86.158579,,0.019161,139.285883,63.2093,81.371521,80.362612,,,,,,,,
Jul 05,85.377722,,,85.519871,,0.016034,128.432719,63.177993,79.873154,80.757652,,,,,,,,
Ago 05,87.600047,,,88.870344,,0.016586,140.081533,62.216256,80.191977,81.95076,,,,,,,,
Sep 05,88.292141,,,90.652757,,0.017989,137.291734,62.568451,81.031617,83.428383,,,,,,,,
Oct 05,88.537759,,,91.225343,,0.019361,134.752669,62.999032,81.023797,84.117494,,,,,,,,
Nov 05,89.842659,,,87.756077,,0.021804,139.074061,63.533921,83.653662,84.69745,,,,,,,,
Dic 05,90.942963,,,89.575616,,0.024439,140.50743,62.368052,84.57904,85.622363,,,,,,,,
Ene 06,91.186202,,,89.709551,,0.051082,139.364029,67.718875,84.291766,86.282578,,,,,,,,
Feb 06,90.597306,,,87.136236,,0.045022,137.367505,69.599862,84.443691,85.49644,,,,,,,,
Mar 06,91.445655,,,92.879995,,0.04904,138.545836,69.342295,86.640473,85.781842,,,,,,,,
Abr 06,91.562869,,,92.075541,,0.050064,137.565355,70.200492,87.423446,85.896532,,,,,,,,
May 06,92.472039,,,92.757501,,0.051317,136.957672,71.167316,88.052447,87.124728,,,,,,,,
Jun 06,92.547547,,,92.168799,,0.054384,134.120826,72.113333,88.377496,87.592362,,,,,,,,
Jul 06,92.51876,,,92.749211,,0.058648,133.526226,72.419774,88.80333,87.628166,,,,,,,,
Ago 06,92.955018,,,94.151343,,0.058746,136.197223,72.97619,91.903869,86.559478,,,,,,,,
Sep 06,92.637929,,,94.996576,,0.05749,136.68486,73.019628,91.290433,86.425669,,,,,,,,
Oct 06,92.650103,,,95.92812,,0.056871,135.838972,73.101381,90.597451,86.644313,,,,,,,,
Nov 06,92.835511,,,90.975768,,0.055033,136.042355,73.78006,90.438115,87.188449,,,,,,,,
Dic 06,91.921125,,,90.190761,,0.050934,128.747493,73.908888,90.395027,86.496303,,,,,,,,
Ene 07,92.02132,,,90.269203,,0.00624,135.878336,75.20617,89.344705,86.219491,,,,,,,,
Feb 07,92.716996,,,88.868623,,0.012961,136.487741,74.376737,90.921571,86.219995,,,,,,,,
Mar 07,93.688434,,,95.143874,,0.016874,137.255448,75.606469,91.19692,87.733279,,,,,,,,
Abr 07,93.434976,,,93.976037,,0.017842,137.355158,74.718622,90.943241,87.513858,,,,,,,,
May 07,93.453132,,,93.732994,,0.016345,135.050789,76.00876,90.508665,87.989926,,,,,,,,
Jun 07,93.429184,,,93.113842,,0.015314,137.908667,75.716951,88.731529,87.818252,,,,,,,,
Jul 07,93.408443,,,93.966585,,0.014997,136.883137,76.368471,90.560332,87.420987,,,,,,,,
Ago 07,92.922534,,,93.945024,,0.012799,125.512754,76.822219,93.512086,87.555832,,,,,,,,
Sep 07,93.483301,,,95.695703,,0.012173,135.349127,77.844932,95.095372,86.353288,,,,,,,,
Oct 07,93.150485,,,96.837673,,0.011894,132.52468,78.419347,96.085353,86.143535,,,,,,,,
Nov 07,92.514844,,,90.90377,,0.010759,130.178215,78.590415,97.030577,85.19613,,,,,,,,
Dic 07,93.098518,,,91.255599,,0.010842,131.192965,79.311744,98.056444,84.966192,,,,,,,,
Ene 08,92.899665,,,90.991369,,0.00799,129.979285,79.147409,97.133511,86.147461,,,,,,,,
Feb 08,94.866059,,,90.693928,,0.014217,129.803912,82.257716,99.782368,87.067123,,,,,,,,
Mar 08,92.727271,,,94.066654,,0.005349,128.568728,78.763779,97.085748,85.873672,,,,,,,,
Abr 08,92.758988,,,93.358953,,0.002304,125.568534,79.31032,97.012215,86.540443,,,,,,,,
May 08,92.872524,,,93.000103,,0.000254,126.74602,79.623359,98.622073,86.054824,,,,,,,,
Jun 08,93.91,,,93.62976,,0.001143,128.180931,78.754039,100.103387,86.761627,,,,,,,,
Jul 08,92.184672,,,93.023491,,-0.000476,127.983818,78.129963,99.235538,84.781137,,,,,,,,
Ago 08,92.176247,,,93.167081,,-0.001466,127.367813,79.419436,95.110759,85.202048,,,,,,,,
Sep 08,91.421152,,,93.204977,,-0.00427,125.364861,77.764043,93.667003,85.387166,,,,,,,,
Oct 08,91.529308,,,95.369696,,-0.005392,128.68845,78.062755,95.524004,84.538486,,,,,,,,
Nov 08,89.993874,,,88.788725,,-0.006978,128.686223,78.204626,93.087548,82.532406,,,,,,,,
Dic 08,88.985153,,,87.268521,,-0.009976,127.315597,76.822841,92.608624,81.336953,,,,,,,,
Ene 09,84.324876,,,82.532014,,-0.092953,125.115248,76.664586,92.603071,74.927153,,,,,,,,
Feb 09,83.962384,,,80.087249,,-0.104934,124.469688,76.996575,89.494537,74.870328,,,,,,,,
Mar 09,83.238376,,,84.338601,,-0.104411,123.833752,77.58266,89.854557,73.974366,,,,,,,,
Abr 09,83.266663,,,83.835357,,-0.103802,124.431339,77.986101,89.07008,74.367042,,,,,,,,
May 09,83.048099,,,83.115455,,-0.104298,123.647228,77.608073,91.564899,73.140542,,,,,,,,
Jun 09,82.856603,,,82.527664,,-0.10671,121.483105,77.797774,90.655922,73.449221,,,,,,,,
Jul 09,84.725954,,,85.829552,,-0.10249,123.480373,78.902317,90.650345,76.185806,,,,,,,,
Ago 09,84.688173,,,85.560507,,-0.099876,121.504143,79.098447,89.69015,76.324643,,,,,,,,
Sep 09,85.921458,,,87.092111,,-0.096047,123.302697,79.399274,90.7043,77.826902,,,,,,,,
Oct 09,86.360601,,,89.794201,,-0.0922,123.494698,80.065051,87.769324,79.316899,,,,,,,,
Nov 09,87.674352,,,87.004106,,-0.085916,122.749766,79.006907,87.43113,81.571493,,,,,,,,
Dic 09,88.064292,,,86.760183,,-0.079601,123.207976,78.603785,88.392074,82.013791,,,,,,,,
Ene 10,87.88456,,,85.853146,,0.040264,125.131162,78.522245,96.770749,78.840131,,,,,,,,
Feb 10,87.491082,,,83.416523,,0.040907,126.141023,77.993214,89.401385,80.528596,,,,,,,,
Mar 10,88.524098,,,89.568451,,0.048115,126.039955,78.761482,91.589325,81.670127,,,,,,,,
Abr 10,89.487977,,,89.957202,,0.054432,127.065326,78.524505,92.629431,82.120029,,,,,,,,
May 10,88.95738,,,89.102416,,0.057959,127.332738,79.21447,87.712119,82.855879,,,,,,,,
Jun 10,88.97796,,,88.768452,,0.060898,126.43482,80.156783,87.589308,82.845965,,,,,,,,
Jul 10,88.735534,,,90.156511,,0.059345,125.09156,83.543463,88.665299,82.336363,,,,,,,,
Ago 10,89.464027,,,90.403633,,0.058994,126.095355,79.92061,87.334223,83.638272,,,,,,,,
Sep 10,88.966826,,,89.713058,,0.055663,127.161328,81.700419,87.748228,82.668558,,,,,,,,
Oct 10,89.024877,,,92.240756,,0.052644,124.348126,81.532094,89.258876,82.551116,,,,,,,,
Nov 10,88.850134,,,88.619996,,0.049458,123.668655,82.453274,88.057438,82.786036,,,,,,,,
Dic 10,89.670959,,,88.53504,,0.046994,124.49212,83.477918,89.280632,83.6544,,,,,,,,
Ene 11,89.814782,,,87.508961,,0.019255,124.938161,83.362755,91.36157,83.117646,,,,,,,,
Feb 11,89.61387,,,85.457046,,0.021821,124.451851,84.111344,88.95765,83.800173,,,,,,,,
Mar 11,90.292593,,,91.332372,,0.021081,125.609356,85.28935,88.129528,84.705194,,,,,,,,
Abr 11,90.208986,,,90.257544,,0.016499,126.174086,85.789651,90.537222,83.600626,,,,,,,,
May 11,91.002047,,,91.472921,,0.018555,126.126124,85.268644,91.071484,84.603988,,,,,,,,
Jun 11,91.841239,,,91.849722,,0.021282,126.964399,86.151442,96.139314,84.451251,,,,,,,,
Jul 11,91.641087,,,93.425847,,0.023475,126.520029,85.575008,93.042245,84.963654,,,,,,,,
Ago 11,92.073651,,,93.03011,,0.024189,126.759656,85.787649,95.266991,84.929556,,,,,,,,
Sep 11,91.928272,,,92.283349,,0.024693,125.50947,86.161174,93.109221,85.465269,,,,,,,,
Oct 11,93.138773,,,96.264899,,0.026654,128.350728,85.679933,94.731334,86.365069,,,,,,,,
Nov 11,93.966472,,,94.104076,,0.029848,127.822507,85.410956,98.012793,86.8838,,,,,,,,
Dic 11,94.468006,,,93.245636,,0.031783,128.297504,87.84342,97.384331,87.576766,,,,,,,,
Ene 12,94.574685,,,91.730435,,0.048241,126.633605,85.74231,94.700863,89.027126,,,,,,,,
Feb 12,94.561234,,,90.340531,,0.052633,127.471483,86.710855,94.709027,88.922141,,,,,,,,
Mar 12,94.657453,,,95.807731,,0.051384,128.16811,86.158313,94.346897,89.106638,,,,,,,,
Abr 12,95.154282,,,94.867851,,0.051311,128.03269,86.677781,95.626113,89.440191,,,,,,,,
May 12,94.75372,,,95.625998,,0.050097,128.684017,86.764199,95.798954,88.727121,,,,,,,,
Jun 12,95.235321,,,95.486507,,0.048302,128.959496,87.117256,94.157054,89.724195,,,,,,,,
Jul 12,95.983852,,,98.012377,,0.048415,129.148863,87.178021,98.566659,89.548173,,,,,,,,
Ago 12,94.622171,,,95.55919,,0.045695,128.728186,86.38752,95.47069,88.539385,,,,,,,,
Sep 12,95.869998,,,96.0186,,0.0451,128.671463,86.406347,96.962613,89.834209,,,,,,,,
Oct 12,94.032439,,,97.212758,,0.041383,127.866053,87.134232,94.54603,87.921983,,,,,,,,
Nov 12,94.825185,,,95.141119,,0.03855,130.083134,87.671587,95.039766,88.651465,,,,,,,,
Dic 12,94.305464,,,92.751228,,0.034832,128.708846,86.651843,91.113749,89.287463,,,,,,,,
Ene 13,94.435214,,,91.217933,,-0.005596,130.990037,88.440327,94.214056,88.110653,,,,,,,,
Feb 13,95.139506,,,91.131967,,0.001535,129.9798,87.984623,95.773321,88.813133,,,,,,,,
Mar 13,94.153026,,,95.396112,,-0.000474,128.690547,86.152478,94.61398,88.024593,,,,,,,,
Abr 13,93.292634,,,92.821179,,-0.005851,128.344167,86.874687,90.110312,88.009098,,,,,,,,
May 13,94.780978,,,95.987782,,-0.003871,127.844326,88.693439,95.243667,88.922866,,,,,,,,
Jun 13,93.834642,,,94.144786,,-0.005598,127.368995,87.921327,90.970548,88.62961,,,,,,,,
Jul 13,94.003846,,,95.926325,,-0.007921,127.6655,88.625076,91.672324,88.739751,,,,,,,,
Ago 13,94.914819,,,95.996403,,-0.00635,127.80741,88.685425,93.090527,89.665292,,,,,,,,
Sep 13,94.008397,,,93.828037,,-0.008199,127.599663,87.980431,92.545674,88.243676,,,,,,,,
Oct 13,95.011957,,,98.504755,,-0.006002,129.010135,88.273033,93.903208,89.400093,,,,,,,,
Nov 13,94.746555,,,95.086563,,-0.005511,129.853288,89.125001,93.467075,88.927705,,,,,,,,
Dic 13,95.043652,,,93.193036,,-0.004674,130.318365,88.571934,94.827103,88.561273,,,,,,,,
Ene 14,95.12461,,,91.60761,,0.004338,127.971825,92.790653,92.038564,89.98142,,,,,,,,
Feb 14,95.459787,,,91.715117,,0.005368,128.089221,92.075598,95.919039,89.532027,,,,,,,,
Mar 14,96.897447,,,98.299743,,0.013973,127.742963,93.493266,95.601506,91.609429,,,,,,,,
Abr 14,97.462241,,,97.065965,,0.021927,128.628208,94.263572,96.607809,92.037556,,,,,,,,
May 14,97.557219,,,98.838996,,0.023517,128.435021,93.556063,95.440083,92.565378,,,,,,,,
Jun 14,97.813903,,,98.198171,,0.026804,126.933613,93.518166,97.154942,92.65653,,,,,,,,
Jul 14,97.215436,,,98.971795,,0.027524,126.952747,92.683825,92.896251,93.162399,,,,,,,,
Ago 14,96.767019,,,97.960809,,0.026627,126.868291,93.589554,94.955809,91.671444,,,,,,,,
Sep 14,97.404749,,,97.061755,,0.02749,126.294545,93.730927,96.069445,92.279124,,,,,,,,
Oct 14,98.253746,,,101.973191,,0.028302,124.67659,93.754683,99.128649,93.34661,,,,,,,,
Nov 14,98.083949,,,98.444367,,0.028941,124.576316,93.178744,96.819308,93.771556,,,,,,,,
Dic 14,97.887262,,,95.760173,,0.028827,123.629622,94.643313,97.957134,93.264985,,,,,,,,
Ene 15,97.511617,,,93.996208,,0.026024,122.243814,94.497858,96.471478,93.364158,,,,,,,,
Feb 15,98.17715,,,94.471278,,0.028039,125.770737,93.555652,93.998932,94.709646,,,,,,,,
Mar 15,97.659335,,,99.24695,,0.021616,122.658503,93.827945,94.622931,93.936265,,,,,,,,
Abr 15,98.741342,,,98.237528,,0.019175,120.011533,94.207886,99.561244,94.963938,,,,,,,,
May 15,97.86853,,,99.038164,,0.015628,119.148159,92.492146,96.418079,94.523482,,,,,,,,
Jun 15,98.346397,,,98.825824,,0.014045,120.399022,92.509882,96.921418,94.986252,,,,,,,,
Jul 15,99.430547,,,100.954292,,0.014933,120.474214,93.595186,102.979527,95.011551,,,,,,,,
Ago 15,99.76756,,,101.386145,,0.017468,121.17096,95.089233,101.140083,95.730718,,,,,,,,
Sep 15,101.853262,,,101.307168,,0.020402,120.548212,95.564835,105.469725,97.21202,,,,,,,,
Oct 15,99.733293,,,103.353409,,0.019676,120.242736,96.381219,96.491124,97.070284,,,,,,,,
Nov 15,99.00288,,,99.318382,,0.018686,119.0073,96.324143,96.934909,96.032196,,,,,,,,
Dic 15,99.461935,,,97.197042,,0.018383,118.806871,95.768212,97.935338,96.685305,,,,,,,,
Ene 16,99.394896,,,96.123264,,0.022652,119.367379,92.309938,99.326686,96.086099,,,,,,,,
Feb 16,99.519783,,,95.872076,,0.018716,120.36462,93.51769,99.520564,96.066133,,,,,,,,
Mar 16,98.753668,,,100.515277,,0.016659,119.057924,93.051241,100.164615,95.106259,,,,,,,,
Abr 16,98.700481,,,97.863572,,0.011452,117.545889,92.860943,99.667979,95.226903,,,,,,,,
May 16,98.96791,,,100.111723,,0.011321,117.095904,94.337397,100.739074,95.320003,,,,,,,,
Jun 16,98.679004,,,99.393172,,0.010383,115.94328,94.298951,99.716106,95.638222,,,,,,,,
Jul 16,98.692964,,,100.012819,,0.007473,115.949566,94.904747,98.530538,95.708479,,,,,,,,
Ago 16,98.79132,,,100.622353,,0.005538,114.317412,93.768899,99.010452,96.310334,,,,,,,,
Sep 16,99.150011,,,98.736988,,0.002015,114.214443,93.08358,99.819543,96.129089,,,,,,,,
Oct 16,99.101706,,,102.264563,,0.000705,114.607095,94.017415,100.128209,96.330015,,,,,,,,
Nov 16,100.245215,,,100.551619,,0.001769,112.53402,93.838322,104.029986,97.169596,,,,,,,,
Dic 16,99.936999,,,97.414706,,0.001809,111.89483,94.790556,99.660284,98.240221,,,,,,,,
Ene 17,100.647104,,,97.704567,,0.016419,111.053703,98.35096,99.325777,99.181458,,,,,,,,
Feb 17,100.194015,,,96.540907,,0.011718,109.754655,97.07543,99.42463,98.82891,,,,,,,,
Mar 17,100.888189,,,102.843872,,0.015681,110.067791,99.853882,100.735545,99.172123,,,,,,,,
Abr 17,99.789186,,,98.686955,,0.01385,110.299649,97.139736,96.455659,99.220475,,,,,,,,
May 17,99.830982,,,100.945703,,0.012724,110.576094,99.140454,97.421891,98.656879,,,,,,,,
Jun 17,99.906264,,,100.889529,,0.01312,109.506673,99.118099,99.779497,98.28416,,,,,,,,
Jul 17,99.123009,,,100.305016,,0.011637,107.796006,96.792245,97.631601,98.273307,,,,,,,,
Ago 17,99.72821,,,101.974765,,0.011865,105.296024,96.95037,100.222575,98.870057,,,,,,,,
Sep 17,98.74822,,,98.511079,,0.010291,98.163738,97.849162,102.56922,97.302345,,,,,,,,
Oct 17,99.864786,,,102.54302,,0.00951,103.864818,94.779538,101.45682,98.987763,,,,,,,,
Nov 17,100.030394,,,100.13489,,0.008255,103.845179,102.120661,98.863096,99.299528,,,,,,,,
Dic 17,100.735973,,,97.829915,,0.00793,103.786157,98.184896,103.704722,99.276518,,,,,,,,
Ene 18,99.842449,-0.00887,-0.007995,97.230667,-0.00485,-0.004849,104.952958,100.360034,101.028118,98.512352,-0.054935,0.020428,0.017139,-0.006746,0.011242,0.022153,-0.02581,-0.007697
Feb 18,100.270556,0.004288,0.000764,96.563993,0.000239,-0.00232,102.426623,101.203769,103.58835,98.608113,-0.066767,0.042527,0.041878,-0.002234,-0.024071,0.008407,0.025342,0.000972
Mar 18,100.325904,0.000552,-0.005573,102.491289,-0.003428,-0.002726,102.129434,98.141742,101.258161,100.187103,-0.072122,-0.017146,0.005188,0.010235,-0.002901,-0.030256,-0.022495,0.016013
Abr 18,98.980182,-0.013414,-0.008107,97.997889,-0.006982,-0.003775,102.591435,101.59353,99.268823,98.116777,-0.069884,0.045849,0.029165,-0.011124,0.004524,0.035171,-0.019646,-0.020665
May 18,100.670536,0.017078,0.00841,101.860489,0.009062,-0.001168,102.772001,97.282732,101.777585,100.2735,-0.070577,-0.018738,0.04471,0.016386,0.00176,-0.042432,0.025272,0.021981
Jun 18,100.491544,-0.001778,0.005858,101.559649,0.006642,0.000146,100.491968,100.022545,100.848539,100.398886,-0.082321,0.009125,0.010714,0.021516,-0.022185,0.028163,-0.009128,0.00125
Jul 18,100.81069,0.003176,0.017026,101.866039,0.015563,0.002362,99.050637,102.191761,102.883486,100.480146,-0.081129,0.055785,0.053793,0.022456,-0.014343,0.021687,0.020178,0.000809
Ago 18,99.977614,-0.008264,0.002501,102.40972,0.004265,0.002613,99.100294,100.347782,97.659684,101.002855,-0.058841,0.035043,-0.025572,0.021572,0.000501,-0.018044,-0.050774,0.005202
Sep 18,101.076582,0.010992,0.023579,101.032592,0.025596,0.005131,98.804157,100.419685,101.225078,101.472236,0.006524,0.02627,-0.013105,0.042855,-0.002988,0.000717,0.036508,0.004647
Oct 18,100.169243,-0.008977,0.003049,102.468927,-0.000723,0.004532,97.445402,98.69544,101.229593,100.517713,-0.061805,0.041316,-0.00224,0.015456,-0.013752,-0.01717,4.5e-05,-0.009407
Nov 18,99.181375,-0.009862,-0.008488,99.17925,-0.009544,0.003253,95.678645,101.730702,92.432297,101.128154,-0.078641,-0.003819,-0.065048,0.018415,-0.018131,0.030754,-0.086904,0.006073
Dic 18,98.923248,-0.002603,-0.017995,95.629534,-0.022492,0.00115,95.367753,97.253628,98.781356,99.916061,-0.081113,-0.009485,-0.047475,0.006442,-0.003249,-0.044009,0.068689,-0.011986
Ene 19,99.079562,0.00158,-0.007641,96.723046,-0.005221,-0.005231,92.710659,93.746134,101.755432,100.000107,-0.116646,-0.065902,0.007199,0.015102,-0.027862,-0.036065,0.030108,0.000841
Feb 19,99.560552,0.004855,-0.007081,95.693784,-0.009012,-0.007115,94.199778,93.862932,99.586047,100.753839,-0.080319,-0.072535,-0.038637,0.02176,0.016062,0.001246,-0.02132,0.007537
Mar 19,98.337062,-0.012289,-0.019824,100.705845,-0.01742,-0.010666,94.600043,92.475841,98.017257,99.784991,-0.073724,-0.057732,-0.032006,-0.004014,0.004249,-0.014778,-0.015753,-0.009616
Abr 19,99.338929,0.010188,0.003624,98.989329,0.010117,-0.005517,93.649435,94.091127,100.089797,101.048012,-0.087161,-0.073847,0.00827,0.029875,-0.010049,0.017467,0.021145,0.012657
May 19,98.424361,-0.009207,-0.022312,99.558391,-0.0226,-0.009011,91.993626,93.365681,95.687246,100.836207,-0.104877,-0.040265,-0.05984,0.005612,-0.017681,-0.00771,-0.043986,-0.002096
Jun 19,99.400048,0.009913,-0.010862,100.248557,-0.01291,-0.009676,94.597848,94.798133,98.180669,101.086005,-0.058653,-0.052232,-0.026454,0.006844,0.028309,0.015342,0.026058,0.002477
Jul 19,98.806011,-0.005976,-0.019886,99.649321,-0.021761,-0.011436,94.588902,93.890621,95.816089,101.116066,-0.045045,-0.081231,-0.068693,0.006329,-9.5e-05,-0.009573,-0.024084,0.000297
Ago 19,98.635232,-0.001728,-0.013427,101.362197,-0.010229,-0.011288,96.173273,95.810156,95.281916,100.760332,-0.029536,-0.045219,-0.024347,-0.002401,0.01675,0.020444,-0.005575,-0.003518
Sep 19,98.553854,-0.000825,-0.024959,98.228365,-0.027756,-0.013126,95.894841,96.244696,93.010484,101.031893,-0.029445,-0.041575,-0.081152,-0.00434,-0.002895,0.004535,-0.023839,0.002695
Oct 19,96.515617,-0.020681,-0.036475,98.457057,-0.039152,-0.01578,94.780675,95.445617,91.267141,98.443811,-0.027346,-0.032928,-0.098414,-0.020632,-0.011619,-0.008303,-0.018744,-0.025616
Nov 19,96.923144,0.004222,-0.022769,96.901307,-0.022968,-0.016427,96.82923,97.165589,92.289445,97.94059,0.012026,-0.044874,-0.001545,-0.03152,0.021614,0.01802,0.011201,-0.005112
Dic 19,96.160238,-0.007871,-0.027931,92.83493,-0.029223,-0.017447,96.485594,95.102505,93.388856,96.970605,0.011721,-0.022119,-0.05459,-0.029479,-0.003549,-0.021233,0.011913,-0.009904
Ene 20,97.317971,0.01204,-0.01778,95.317115,-0.014536,-0.014471,98.432596,95.090113,92.511043,98.589788,0.061718,0.014336,-0.090849,-0.014103,0.020179,-0.00013,-0.0094,0.016698
Feb 20,96.759026,-0.005743,-0.028139,92.798567,-0.030255,-0.022351,97.442775,97.583417,89.583379,98.275897,0.034427,0.039637,-0.100442,-0.024594,-0.010056,0.02622,-0.031647,-0.003184
Mar 20,93.562752,-0.033033,-0.04855,95.980335,-0.046924,-0.030804,97.150351,94.120864,89.801577,94.130505,0.026959,0.017789,-0.083819,-0.056667,-0.003001,-0.035483,0.002436,-0.042181
Abr 20,69.86287,-0.253305,-0.296722,70.065046,-0.292196,-0.096784,90.148848,93.4876,57.649547,67.922253,-0.03738,-0.006414,-0.424022,-0.327822,-0.072069,-0.006728,-0.358034,-0.278425
May 20,69.771021,-0.001315,-0.29112,70.695661,-0.289908,-0.135895,86.230204,82.554973,58.939098,68.491318,-0.06265,-0.115789,-0.384044,-0.320767,-0.043469,-0.116942,0.022369,0.008378
Jun 20,84.888721,0.216676,-0.145989,85.117829,-0.150932,-0.138443,90.997209,84.014217,72.515806,87.13554,-0.038063,-0.113757,-0.261404,-0.138006,0.055282,0.017676,0.230351,0.272213
Jul 20,88.618281,0.043935,-0.103108,89.180905,-0.105053,-0.133625,93.344801,88.105379,72.806261,92.315739,-0.013153,-0.061617,-0.240146,-0.087032,0.025799,0.048696,0.004005,0.05945
Ago 20,91.983464,0.037974,-0.067438,94.708759,-0.06564,-0.124935,94.590793,94.631191,81.088974,94.916708,-0.016454,-0.012305,-0.148957,-0.057995,0.013348,0.074068,0.113764,0.028175
Sep 20,94.269739,0.024855,-0.04347,93.399296,-0.049162,-0.116586,94.610091,91.116528,79.805647,98.871265,-0.013397,-0.053283,-0.141971,-0.021386,0.000204,-0.037141,-0.015826,0.041663
Oct 20,95.493196,0.012978,-0.010593,97.426683,-0.010465,-0.106027,95.378044,90.629875,83.542357,99.428281,0.006303,-0.050455,-0.084639,0.01,0.008117,-0.005341,0.046823,0.005634
Nov 20,95.866335,0.003907,-0.010904,95.986935,-0.009436,-0.097411,95.013151,88.299203,86.408225,99.472444,-0.018755,-0.09125,-0.063726,0.015641,-0.003826,-0.025716,0.034304,0.000444
Dic 20,95.408977,-0.004771,-0.007813,92.414351,-0.00453,-0.090101,94.777731,87.425218,83.963943,100.13184,-0.017701,-0.080726,-0.100921,0.0326,-0.002478,-0.009898,-0.028288,0.006629
Ene 21,94.658642,-0.007864,-0.027326,92.880122,-0.025567,-0.025593,93.867297,72.105158,84.438669,99.638109,-0.04638,-0.241718,-0.087258,0.010633,-0.009606,-0.175236,0.005654,-0.004931
Feb 21,93.658819,-0.010562,-0.03204,89.585265,-0.034627,-0.030019,95.87844,69.629055,87.664332,96.77592,-0.016054,-0.286466,-0.021422,-0.015263,0.021425,-0.03434,0.038201,-0.028726
Mar 21,95.788445,0.022738,0.023788,98.349324,0.024682,-0.011538,96.125061,72.086773,86.598135,100.798651,-0.010554,-0.234104,-0.035672,0.070839,0.002572,0.035297,-0.012162,0.041567
Abr 21,95.607773,-0.001886,0.368506,96.255193,0.373798,0.0647,96.020677,70.818274,87.718365,100.164949,0.065135,-0.242485,0.521579,0.4747,-0.001086,-0.017597,0.012936,-0.006287
May 21,95.094984,-0.005363,0.362958,96.499883,0.365004,0.114664,96.856463,70.353488,88.122354,99.280592,0.123231,-0.147798,0.495143,0.449535,0.008704,-0.006563,0.004606,-0.008829
Jun 21,94.927628,-0.00176,0.11826,94.689402,0.112451,0.114297,96.132279,70.431431,85.31574,99.787239,0.056431,-0.161672,0.176512,0.145196,-0.007477,0.001108,-0.031849,0.005103
Jul 21,95.130094,0.002133,0.073482,95.607144,0.072058,0.108002,97.132288,71.23397,85.112992,99.848551,0.040575,-0.191491,0.169034,0.081598,0.010402,0.011395,-0.002376,0.000614
Ago 21,95.482042,0.0037,0.038035,98.408708,0.039067,0.098593,96.449584,68.595135,90.13691,99.701307,0.019651,-0.275132,0.11158,0.050408,-0.007029,-0.037045,0.059026,-0.001475
Sep 21,94.461213,-0.010691,0.002031,93.096524,-0.003242,0.086515,98.180543,67.879914,89.444156,97.816637,0.037739,-0.255021,0.120775,-0.010667,0.017947,-0.010427,-0.007686,-0.018903
Oct 21,95.464677,0.010623,-0.000299,97.608403,0.001865,0.077195,97.817166,69.089865,87.560837,99.826697,0.025573,-0.23767,0.048101,0.004007,-0.003701,0.017825,-0.021056,0.020549
Nov 21,95.97098,0.005304,0.001092,96.094814,0.001124,0.069745,98.262223,69.007113,86.475645,100.903273,0.034196,-0.218485,0.00078,0.014384,0.00455,-0.001198,-0.012394,0.010784
Dic 21,97.180714,0.012605,0.01857,94.504575,0.022618,0.065692,97.779233,73.172332,87.35642,102.539147,0.031669,-0.163029,0.040404,0.024041,-0.004915,0.060359,0.010185,0.016212
Ene 22,98.408944,0.012639,0.039619,96.762098,0.041796,0.041763,100.692849,70.561939,88.698501,103.284243,0.072715,-0.021402,0.050449,0.036594,0.029798,-0.035675,0.015363,0.007266
Feb 22,98.36617,-0.000435,0.050261,93.912217,0.0483,0.044972,96.405836,69.573992,90.129971,103.616761,0.005501,-0.000791,0.028126,0.070687,-0.042575,-0.014001,0.016139,0.003219
Mar 22,99.297614,0.009469,0.036635,101.976112,0.036877,0.042133,99.418958,71.281884,92.08672,103.862984,0.034267,-0.011166,0.06338,0.030401,0.031255,0.024548,0.02171,0.002376
Abr 22,99.883059,0.005896,0.044717,100.423211,0.043302,0.042425,99.920102,72.72915,93.13438,104.580668,0.04061,0.026983,0.061743,0.044084,0.005041,0.020303,0.011377,0.00691
May 22,99.686311,-0.00197,0.048281,101.345981,0.050219,0.044013,99.790886,72.396475,88.824373,105.532805,0.030297,0.029039,0.007966,0.062975,-0.001293,-0.004574,-0.046277,0.009104
Jun 22,99.147166,-0.005408,0.04445,98.552028,0.040793,0.043481,102.301085,70.858697,89.08773,104.288582,0.06417,0.006066,0.044212,0.045109,0.025155,-0.021241,0.002965,-0.01179
Jul 22,99.821142,0.006798,0.049312,100.347101,0.049577,0.044362,101.180598,72.072442,88.055791,105.599558,0.041678,0.011771,0.034575,0.057597,-0.010953,0.017129,-0.011583,0.012571
Ago 22,100.254133,0.004338,0.049979,103.149453,0.048174,0.044855,99.939772,70.267538,88.464322,106.830368,0.036187,0.024381,-0.018556,0.071504,-0.012263,-0.025043,0.004639,0.011655
Sep 22,99.835647,-0.004174,0.056896,98.549724,0.058576,0.04635,99.992911,69.951958,87.908466,106.011338,0.01846,0.030525,-0.017169,0.083776,0.000532,-0.004491,-0.006283,-0.007667
Oct 22,99.863744,0.000281,0.046081,102.483411,0.049945,0.046715,101.632672,68.562866,86.81295,106.501,0.039007,-0.007628,-0.008541,0.066859,0.016399,-0.019858,-0.012462,0.004619
Nov 22,100.96059,0.010983,0.051991,101.191695,0.05304,0.047295,102.6243,68.464655,90.607041,106.814425,0.044392,-0.007861,0.047775,0.058582,0.009757,-0.001432,0.043704,0.002943
Dic 22,102.382589,0.014085,0.053528,99.630491,0.05424,0.047865,103.324567,69.6064,93.711512,108.003162,0.056713,-0.048733,0.072749,0.053287,0.006824,0.016676,0.034263,0.011129
Ene 23,101.929714,-0.004423,0.035777,99.935687,0.032798,0.032798,101.140828,69.740967,93.215253,107.481702,0.004449,-0.011635,0.050923,0.04064,-0.021135,0.001933,-0.005296,-0.004828
Feb 23,101.610522,-0.003131,0.032982,96.89421,0.031753,0.032283,103.4257,68.841217,93.567564,106.613144,0.072816,-0.010532,0.03814,0.028918,0.022591,-0.012901,0.00378,-0.008081
Mar 23,101.629353,0.000185,0.023482,104.259849,0.022395,0.028861,103.37451,69.493074,95.363249,105.898044,0.039787,-0.025095,0.035581,0.019594,-0.000495,0.009469,0.019191,-0.006707
Abr 23,102.122443,0.004852,0.02242,102.271494,0.018405,0.026185,103.605876,67.830461,94.216447,107.565982,0.036887,-0.067355,0.011618,0.028546,0.002238,-0.023925,-0.012026,0.01575
May 23,102.611497,0.004789,0.029344,104.564231,0.031755,0.027327,103.512326,68.358724,97.697801,107.281455,0.037292,-0.055773,0.099899,0.01657,-0.000903,0.007788,0.036951,-0.002645
Jun 23,103.032799,0.004106,0.039191,102.594827,0.041022,0.029606,103.39855,68.912359,101.344513,106.801115,0.010728,-0.027468,0.137581,0.024092,-0.001099,0.008099,0.037326,-0.004477
Jul 23,102.992904,-0.000387,0.031774,103.62606,0.032676,0.030046,99.897948,68.586355,101.224047,107.503078,-0.012677,-0.048369,0.149544,0.018026,-0.033855,-0.004731,-0.001189,0.006573
Ago 23,103.14097,0.001438,0.028795,105.767728,0.025383,0.029441,100.001142,69.4248,104.095068,106.713982,0.000614,-0.011993,0.17669,-0.001089,0.001033,0.012225,0.028363,-0.00734
Sep 23,103.806249,0.00645,0.039771,102.956451,0.044716,0.03112,99.572927,69.219196,105.662457,107.202551,-0.0042,-0.010475,0.20196,0.011237,-0.004282,-0.002962,0.015057,0.004578
Oct 23,104.809895,0.009668,0.049529,108.029283,0.054115,0.033482,99.718686,68.969091,110.231167,107.50717,-0.018832,0.005925,0.269755,0.009448,0.001464,-0.003613,0.043239,0.002842
Nov 23,103.097196,-0.016341,0.021163,103.531281,0.02312,0.03253,97.642033,68.464376,105.800625,106.593818,-0.048549,-4e-06,0.167687,-0.002065,-0.020825,-0.007318,-0.040193,-0.008496
Dic 23,103.030472,-0.000647,0.006328,99.888973,0.002594,0.030043,97.958119,67.671856,105.843343,106.244102,-0.051938,-0.027793,0.129459,-0.016287,0.003237,-0.011576,0.000404,-0.003281
Ene 24,103.627493,0.005795,0.016656,101.009378,0.010744,0.010745,99.489825,65.258539,108.325016,106.529683,-0.016324,-0.064273,0.162095,-0.008857,0.015636,-0.035662,0.023447,0.002688
Feb 24,102.023276,-0.015481,0.004062,97.288832,0.004073,0.007442,98.371305,66.8875,103.203507,105.669756,-0.04887,-0.02838,0.102984,-0.008849,-0.011243,0.024962,-0.047279,-0.008072
Mar 24,102.650913,0.006152,0.010052,105.053238,0.00761,0.007485,96.027271,67.60126,103.751659,107.014702,-0.071074,-0.027223,0.087963,0.010545,-0.023828,0.010671,0.005311,0.012728
Abr 24,101.664491,-0.009609,-0.004484,101.619977,-0.00637,0.003973,94.209001,65.712364,104.980435,105.031325,-0.090698,-0.031226,0.114247,-0.023564,-0.018935,-0.027942,0.011843,-0.018534
May 24,101.853855,0.001863,-0.007384,104.081428,-0.004617,0.002216,94.296079,68.497395,106.250182,105.14918,-0.089035,0.002029,0.087539,-0.019876,0.000924,0.042382,0.012095,0.001122
Jun 24,102.115365,0.002567,-0.008904,101.987158,-0.005923,0.000841,92.898178,68.264551,103.054932,106.835174,-0.101552,-0.0094,0.016877,0.000319,-0.014825,-0.003399,-0.030073,0.016034
Jul 24,102.716872,0.00589,-0.00268,103.50265,-0.001191,0.000546,93.377182,68.059604,107.158304,106.652744,-0.065274,-0.00768,0.058625,-0.00791,0.005156,-0.003002,0.039817,-0.001708
Ago 24,102.238184,-0.00466,-0.008753,104.567101,-0.011352,-0.000986,93.913732,68.015078,103.5037,106.817364,-0.060873,-0.020306,-0.005681,0.000969,0.005746,-0.000654,-0.034105,0.001544
Sep 24,102.866948,0.00615,-0.009049,102.46363,-0.004787,-0.001408,91.601846,67.277997,106.0094,107.594977,-0.080053,-0.028044,0.003284,0.003661,-0.024617,-0.010837,0.024209,0.00728
Oct 24,101.128618,-0.016899,-0.035123,104.386481,-0.033721,-0.004795,89.914249,67.038278,101.053756,106.501498,-0.098321,-0.027995,-0.083256,-0.009354,-0.018423,-0.003563,-0.046747,-0.010163
Nov 24,101.314904,0.001842,-0.017287,102.128568,-0.013549,0.005,90.251711,67.405751,101.298447,106.549152,-0.075688,-0.015462,-0.042553,-0.000419,0.003753,0.005482,0.002421,0.000447
Dic 24,100.097277,-0.012018,-0.028469,96.694628,-0.031979,0.002,89.377661,65.854848,99.287319,105.616487,-0.087593,-0.02685,-0.061941,-0.005907,-0.009685,-0.023008,-0.019853,-0.008753
Ene 25,100.327178,0.002297,-0.031848,96.932272,-0.040364,-0.04031,87.851204,66.652352,99.566021,106.046267,-0.116983,0.021358,-0.080858,-0.004538,-0.017079,0.01211,0.002807,0.004069
Feb 25,102.10303,0.017701,0.000782,97.364945,0.000782,-0.021,88.231386,67.105392,103.447473,107.598123,-0.103078,0.003258,0.002364,0.018249,0.004328,0.006797,0.038984,0.014634
Mar 25,101.71867,-0.003764,-0.009082,103.873636,-0.011229,-0.007,85.821524,66.358068,106.35058,106.620687,-0.10628,-0.01839,0.025049,-0.003682,-0.027313,-0.011137,0.028064,-0.009084
Abr 25,100.691237,-0.010101,-0.009573,100.780201,-0.008264,-0.016,87.272981,66.506059,99.93587,106.699032,-0.073624,0.012078,-0.048052,0.015878,0.016913,0.00223,-0.060317,0.000735
May 25,101.658581,0.009607,-0.001917,104.217765,0.00131,-0.014,86.540629,66.6616,105.356817,106.757742,-0.082246,-0.026801,-0.008408,0.015298,-0.008392,0.002339,0.054244,0.00055
Jun 25,101.281805,-0.003706,-0.008163,101.523579,-0.004545,-0.013,85.167861,66.306875,103.762007,106.935217,-0.083213,-0.028678,0.006861,0.000936,-0.015863,-0.005321,-0.015137,0.001662
Jul 25,100.11855,-0.011485,-0.025296,100.939326,-0.024766,-0.015,87.982952,66.284838,102.314817,105.095355,-0.057768,-0.026077,-0.045199,-0.014602,0.033053,-0.000332,-0.013947,-0.017205
Ago 25,100.010464,-0.00108,-0.02179,102.084966,-0.023737,-0.017,88.031753,66.939925,101.114726,105.21577,-0.062632,-0.015808,-0.023081,-0.014994,0.000555,0.009883,-0.011729,0.001146
Sep 25,99.875118,-0.001353,-0.029084,99.453138,-0.029381,-0.018,88.662473,67.165811,99.02539,105.49587,-0.032089,-0.001667,-0.065881,-0.019509,0.007165,0.003374,-0.020663,0.002662
Oct 25,100.690786,0.008167,-0.004329,103.984201,-0.003854,-0.017,89.28742,68.161676,102.995037,105.205461,-0.006971,0.016758,0.01921,-0.012169,0.007049,0.014827,0.040087,-0.002753
Nov 25,101.304239,0.006092,-0.000105,102.370598,0.00237,-0.016,89.271692,68.102952,104.283871,105.748756,-0.010859,0.010343,0.029472,-0.007512,-0.000176,-0.000862,0.012514,0.005164
Dic 25,101.429792,0.001239,0.013312,97.881345,0.012273,-0.013,89.767966,68.369591,105.518513,105.577077,0.004367,0.038186,0.062759,-0.000373,0.005559,0.003915,0.011839,-0.001623
Ene 26,100.475141,-0.009412,0.001475,96.530388,-0.004146,-0.005193,88.783596,67.235102,104.000265,104.592204,0.010613,0.008743,0.044536,-0.013712,-0.010966,-0.016593,-0.014388,-0.009328
Feb 26,100.985155,0.005076,-0.010948,96.332138,-0.010608,-0.012,89.960129,66.240339,104.375712,105.354695,0.019593,-0.012891,0.008973,-0.02085,0.013252,-0.014795,0.00361,0.00729
Mar 26,100.434038,-0.005457,-0.012629,102.403051,-0.014157,-0.012,90.491138,66.504547,101.580347,105.24179,0.054411,0.002207,-0.044854,-0.012933,0.005903,0.003989,-0.026782,-0.001072
Abr 26,102.547103,0.021039,0.018431,103.025192,0.022276,-0.003,90.269266,66.399272,108.815044,106.418068,0.034332,-0.001606,0.088849,-0.002633,-0.002452,-0.001583,0.071221,0.011177
May 26,101.847111,-0.006826,0.001855,104.524622,0.002944,-0.004,90.540817,66.149937,104.979028,106.351488,0.046223,-0.007676,-0.003586,-0.003805,0.003008,-0.003755,-0.035253,-0.000626
Jun 26,102.077332,0.00226,0.007855,102.412898,0.00876,0.0,91.073697,66.772604,108.151201,105.736197,0.069343,0.007024,0.042301,-0.011213,0.005886,0.009413,0.030217,-0.005785
Jul 26,102.536751,0.004501,0.024153,103.461358,0.024986,0.004334,89.420414,66.774473,109.130072,106.49378,0.016338,0.007387,0.066611,0.013306,-0.018153,2.8e-05,0.009051,0.007165
