periodo,INPP con petróleo (índice),INPP con petróleo var. mensual (%),INPP con petróleo var. anual (%),INPP con petróleo var. acumulada (%),INPP sin petróleo (índice),INPP sin petróleo var. mensual (%),INPP sin petróleo var. anual (%),INPP sin petróleo var. acumulada (%),Bienes intermedios var. anual (%),Actividades primarias var. anual (%),Agricultura var. anual (%),Minería con petróleo var. anual (%),Construcción var. anual (%),Manufacturas var. anual (%),Transportes var. anual (%)
Ene 18,94.377696,,,,94.108336,0.840824,3.384261,0.840824,3.88802,8.763042,8.763042,,7.302013,2.229363,5.049573
Feb 18,94.579311,,,,94.528183,0.446131,3.244388,1.290706,3.82828,9.455705,9.455705,,5.865571,2.187758,4.656022
Mar 18,95.051996,,,,94.948612,0.444766,3.644219,1.741213,3.793493,6.346992,6.346992,,5.881964,3.46813,4.205498
Abr 18,95.059633,,,,94.909246,-0.041461,4.001852,1.69903,4.605456,2.478436,2.478436,,7.16132,4.340165,3.413884
May 18,96.954754,,,,96.317959,1.484274,5.410278,3.208522,6.677238,1.842904,1.842904,,7.982411,6.314169,5.257582
Jun 18,98.328418,,,,97.368334,1.090529,6.95001,4.334041,8.375699,0.013075,0.013075,,9.31474,8.925691,5.591829
Jul 18,97.574069,,,,96.728121,-0.657517,6.514951,3.648027,8.245332,-2.83023,-2.83023,,10.044682,8.45208,5.211834
Ago 18,97.248581,,,,96.664656,-0.065612,6.383593,3.580022,8.263724,-0.313054,-0.313054,,10.166447,7.910701,4.880871
Sep 18,98.16581,,,,97.231934,0.586852,6.861963,4.187883,8.824397,2.774306,2.774306,,10.475853,8.089996,5.700041
Oct 18,98.740045,,,,97.591845,0.370157,6.260418,4.573542,8.442496,5.123596,5.123596,,10.012346,6.838895,5.811791
Nov 18,99.432436,,,,98.942971,1.384466,6.510434,6.021327,8.111791,4.823528,4.823528,,10.206335,7.299917,5.549866
Dic 18,99.034211,,,,99.312931,0.373913,6.417754,6.417754,7.494006,4.687725,4.687725,,10.281327,7.05417,6.02529
Ene 19,98.548322,,,,98.782161,-0.534442,4.96643,-0.534442,5.416966,3.233794,3.233794,,8.556123,4.71815,5.718524
Feb 19,98.818894,,,,98.803223,0.021322,4.522503,-0.513235,4.508363,-0.732439,-0.732439,,7.474689,4.927068,4.832047
Mar 19,99.17445,,,,98.979965,0.178883,4.245826,-0.335269,4.093672,-0.902287,-0.902287,,6.377458,4.746903,4.455738
Abr 19,99.65175,,,,99.30019,0.323524,4.626466,-0.01283,4.481904,4.516178,4.516178,,4.952996,4.735881,5.824933
May 19,99.644612,,,,99.378722,0.079086,3.17777,0.066246,2.662763,4.292202,4.292202,,4.089873,2.756137,3.744397
Jun 19,99.898362,,,,99.786409,0.410236,2.483431,0.476754,1.771385,7.745457,7.745457,,3.055739,1.382186,4.221401
Jul 19,100.0,,,,100.0,0.214048,3.382552,0.691822,2.896901,10.981451,10.981451,,2.009958,2.802121,4.802465
Ago 19,99.167145,,,,99.447305,-24.500596,-21.895543,-23.978274,1.159738,-3.37837,-30.883072,,-27.403502,-23.204754,-21.605501
Sep 19,99.925328,0.764551,1.792394,0.899808,99.960593,0.516141,2.80634,0.652142,1.129887,0.422852,0.422852,-9.290574,1.31807,3.006572,3.630577
Oct 19,99.429562,-0.496137,0.698315,0.399207,99.695996,-0.264701,2.156073,0.385715,0.04667,-0.919821,-0.919821,-17.381218,1.000872,2.213083,2.700573
Nov 19,99.579242,0.150539,0.147644,0.550347,99.872281,0.176822,0.939238,0.56322,-1.269137,-2.430225,-2.430225,-13.2432,0.213994,0.343681,2.956573
Dic 19,100.027556,0.450208,1.003033,1.003033,100.149046,0.277119,0.841899,0.841899,-1.070041,-4.223453,-4.223453,-0.395682,-0.052823,0.39638,3.235035
Ene 20,99.578806,-0.448626,1.045664,-0.448626,99.871399,-0.277234,1.102667,-0.277234,-0.821186,-7.11753,-7.11753,-3.703872,-0.388309,0.938775,3.049167
Feb 20,99.506511,-0.072601,0.695836,-0.520901,100.327454,0.456642,1.542693,0.178142,-0.35739,0.56299,0.56299,-17.842417,0.335072,0.579732,3.40654
Mar 20,101.449387,1.952512,2.293875,1.42144,102.659576,2.324511,3.717531,2.506794,1.275456,4.95,4.95,-23.919214,1.181525,3.990758,3.674098
Abr 20,102.924434,1.453973,3.284121,2.89608,104.66895,1.957317,5.406596,4.513177,2.44883,1.577042,1.577042,-31.278757,2.876671,7.346571,2.620257
May 20,102.707316,-0.210949,3.073628,2.679022,104.141031,-0.50437,4.792081,3.986044,1.451405,-1.331719,-1.331719,-23.280583,1.964334,6.225947,3.537579
Jun 20,102.578893,-0.125038,2.683258,2.550634,103.494823,-0.620513,3.716351,3.340797,1.179482,-1.999229,-1.999229,-12.141975,1.361649,4.780237,1.816506
Jul 20,103.718281,1.110744,3.718281,3.689709,104.481839,0.953687,4.481839,4.326345,2.150395,-1.299531,-1.299531,-3.811901,1.871948,6.230736,1.205273
Ago 20,104.185499,0.450467,5.0605,4.156797,104.854012,0.356208,5.436756,4.697963,4.899687,12.594026,12.594026,7.743588,1.922084,6.387436,2.679964
Sep 20,103.726177,-0.440869,3.803689,3.697602,104.483433,-0.353424,4.524623,4.327936,3.66353,6.73488,6.73488,-2.571286,2.329619,5.28458,2.711531
Oct 20,103.801354,0.072477,4.396874,3.772758,104.544548,0.058493,4.863336,4.38896,4.201277,8.373542,8.373542,2.799608,3.499603,5.553601,3.58952
Nov 20,103.4893,-0.300626,3.92658,3.46079,104.286064,-0.247248,4.419427,4.130861,4.135649,6.468228,6.468228,1.513604,4.506862,5.124861,1.722921
Dic 20,103.703635,0.207108,3.675066,3.675066,104.29333,0.006968,4.138117,4.138117,4.377702,7.443921,7.443921,2.00534,5.069273,4.850443,-0.484867
Ene 21,104.850401,1.10581,5.293892,1.10581,105.11789,0.790615,5.253246,0.790615,5.901592,11.32793,11.32793,14.793624,8.047786,6.244669,0.946271
Feb 21,106.213438,1.299983,6.740189,2.420168,106.227089,1.055196,5.88038,1.854154,7.042868,7.301884,7.301884,41.152513,9.217998,7.726366,1.257197
Mar 21,107.772605,1.467956,6.232879,3.923652,107.615672,1.307183,4.827699,3.185574,6.700556,4.507829,4.507829,56.094148,9.989608,5.605263,2.441881
Abr 21,108.095269,0.299394,5.023914,4.234792,107.975562,0.334422,3.159115,3.530649,5.827791,6.778837,6.778837,66.838938,9.708547,2.450338,2.751836
May 21,108.973908,0.812838,6.101407,5.082052,108.758794,0.725379,4.434144,4.281639,7.777726,10.323869,10.323869,57.771983,11.752563,3.992394,3.441191
Jun 21,109.865238,0.817929,7.103162,5.941549,109.533675,0.712477,5.834932,5.024621,8.538921,10.446294,10.446294,43.434594,13.79183,5.879323,5.524109
Jul 21,110.391727,0.479214,6.434204,6.449235,110.016963,0.441223,5.29769,5.488014,7.7032,9.966492,9.966492,34.245148,14.99507,4.721708,5.678209
Ago 21,110.745796,0.320738,6.296747,6.790659,110.401997,0.349976,5.291152,5.857197,7.348448,10.993611,10.993611,25.695536,15.819098,4.956424,3.923753
Sep 21,111.153315,0.367977,7.160332,7.183625,110.77104,0.334272,6.017803,6.211049,8.288655,11.951566,11.951566,31.506418,15.652241,6.273734,3.683743
Oct 21,112.513145,1.223382,8.392752,8.49489,111.929447,1.045767,7.063878,7.321769,10.114629,10.584899,10.584899,41.378423,15.241368,8.040603,4.039285
Nov 21,113.702165,1.056783,9.868522,9.641445,112.996538,0.953361,8.352482,8.344932,11.394147,13.369602,13.369602,49.942199,15.118682,9.714825,5.934534
Dic 21,114.406079,0.619087,10.320221,10.320221,113.996786,0.885202,9.304004,9.304004,11.600655,14.552125,14.552125,36.632192,15.317275,10.972064,8.553
Ene 22,115.147596,0.648145,9.820845,0.648145,114.319492,0.283083,8.753602,0.283083,10.90528,14.797723,14.797723,34.24375,15.087855,10.276823,5.116962
Feb 22,116.720737,1.366195,9.892627,2.023195,115.466391,1.003241,8.697689,1.289164,10.828088,15.122891,15.122891,34.542971,13.966054,9.990826,5.571792
Mar 22,118.732904,1.723915,10.169838,3.781989,116.859841,1.206801,8.589985,2.511523,10.499796,15.11048,15.11048,40.205942,14.103469,9.554353,7.192878
Abr 22,119.441889,0.597125,10.49687,4.401697,117.654293,0.679833,8.963816,3.20843,10.52524,14.381241,14.381241,40.320497,16.34187,9.621882,8.197074
May 22,120.383491,0.788335,10.470014,5.224733,118.488797,0.709284,8.946405,3.940472,10.596258,14.084545,14.084545,37.602479,16.701801,9.900806,6.847569
Jun 22,121.232095,0.704917,10.346182,5.96648,119.315342,0.697573,8.930282,4.665532,11.027122,14.894016,14.894016,35.83669,15.353481,9.99127,6.169182
Jul 22,121.442253,0.173352,10.010285,6.150175,119.989652,0.56515,9.064683,5.257049,10.365955,15.33359,15.33359,24.139304,14.299949,10.410004,6.991615
Ago 22,121.117132,-0.267716,9.364994,5.865993,120.118907,0.107721,8.80139,5.370433,10.155355,13.588617,13.588617,18.747935,13.594863,9.845315,7.495097
Sep 22,120.79753,-0.263879,8.676498,5.586636,120.047471,-0.059471,8.374419,5.307769,9.383533,13.678233,13.678233,11.918536,12.25718,9.040283,8.598774
Oct 22,120.465626,-0.274761,7.068046,5.296525,119.872172,-0.146025,7.096188,5.153993,6.721921,14.285961,14.285961,-0.140861,11.138907,7.336463,7.559266
Nov 22,120.175601,-0.240753,5.693327,5.04302,119.669616,-0.168976,5.90556,4.976307,5.206296,11.55035,11.55035,-5.279794,9.484025,5.692832,7.524824
Dic 22,120.181167,0.004631,5.047885,5.047885,120.061751,0.327681,5.320295,5.320295,4.721652,10.775311,10.775311,-4.127514,8.559106,4.682638,5.984818
Ene 23,120.68297,0.417539,4.807199,0.417539,120.773963,0.593205,5.645993,0.593205,4.917254,10.642104,10.642104,-12.728607,8.207776,4.908214,8.237155
Feb 23,120.635992,-0.038927,3.354378,0.37845,120.819126,0.037395,4.635751,0.630821,3.092554,10.528065,10.528065,-22.257717,8.226966,3.140444,7.945213
Mar 23,120.885751,0.207035,1.813185,0.586269,121.262396,0.366887,3.76738,1.000023,1.884153,8.979374,8.979374,-31.784467,7.63072,1.861088,6.77068
Abr 23,120.973862,0.072888,1.28261,0.659584,121.246624,-0.013006,3.053294,0.986887,1.40971,7.268848,7.268848,-29.467354,4.27693,1.684111,4.324482
May 23,120.559238,-0.342738,0.145989,0.314585,120.961547,-0.235122,2.086906,0.749444,-0.061907,5.945863,5.945863,-33.212698,2.886818,0.128099,4.643363
Jun 23,120.212886,-0.287288,-0.840709,0.026393,120.660242,-0.249092,1.127181,0.498486,-1.536884,4.334033,4.334033,-35.182525,2.180586,-1.308224,4.655038
Jul 23,120.601434,0.323216,-0.692361,0.349695,120.840633,0.149503,0.709212,0.648734,-1.380132,7.195139,7.195139,-26.625626,1.210787,-2.598526,5.248184
Ago 23,121.130502,0.438691,0.011039,0.78992,121.196044,0.294116,0.896726,0.944758,-1.080951,8.226868,8.226868,-20.470831,0.718764,-2.123426,6.015119
Sep 23,121.504194,0.308504,0.584999,1.100861,121.340791,0.119432,1.07734,1.065319,-1.133644,4.854309,4.854309,-12.862006,1.394316,-1.627462,5.459234
Oct 23,122.046845,0.44661,1.312589,1.552388,121.780187,0.362118,1.591709,1.431294,-0.793312,0.782155,0.782155,-6.095835,1.956527,-0.840301,6.616544
Nov 23,121.69401,-0.289098,1.263492,1.258802,121.75679,-0.019213,1.744113,1.411806,-0.601467,2.764062,2.764062,-9.904675,3.191356,-0.836803,5.774887
Dic 23,121.36431,-0.270926,0.984466,0.984466,121.715745,-0.03371,1.37762,1.37762,-1.267115,2.131112,2.131112,-11.759534,3.777036,-1.440022,6.717314
Ene 24,121.912234,0.45147,1.018589,0.45147,122.228407,0.421196,1.20427,0.421196,-1.297186,5.059725,5.059725,-8.210769,2.715718,-1.821229,6.248234
Feb 24,122.410458,0.408675,1.470926,0.86199,122.6239,0.323569,1.493782,0.746127,-0.778544,-0.037662,-0.037662,-2.314745,2.344714,-0.862999,6.993938
Mar 24,123.298272,0.725276,1.995703,1.593518,123.571206,0.772529,1.903978,1.524421,0.745839,2.674411,2.674411,1.232718,1.479389,-0.320942,7.516568
Abr 24,123.992608,0.563135,2.49537,2.165627,124.213928,0.520123,2.447329,2.052473,1.678692,8.795449,8.795449,2.165173,1.210184,0.210239,6.539268
May 24,124.58156,0.474989,3.336386,2.650903,124.86056,0.520579,3.223349,2.583737,2.844093,11.898418,11.898418,6.61699,1.166983,1.334008,6.587845
Jun 24,126.261876,1.348768,5.031899,4.035426,126.465907,1.285712,4.811581,3.902668,4.773631,13.286054,13.286054,14.464952,2.048071,3.85714,6.270286
Jul 24,127.016118,0.597363,5.318912,4.656895,127.277276,0.641571,5.326556,4.569278,5.494909,11.144231,11.144231,9.891399,2.710697,4.523508,6.885436
Ago 24,127.104512,0.069592,4.931879,4.729728,127.244098,-0.026068,4.990306,4.542019,3.80784,1.923544,1.923544,9.141541,3.269481,4.788122,6.473141
Sep 24,127.736834,0.497482,5.129567,5.25074,128.019818,0.609632,5.504355,5.179341,4.346898,3.52744,3.52744,4.872856,4.066566,5.116313,7.029052
Oct 24,128.203927,0.365668,5.044851,5.635608,128.506452,0.380124,5.523284,5.579153,5.361748,7.136001,7.136001,4.274842,3.751894,4.783364,6.617823
Nov 24,129.413848,0.943747,6.343646,6.632541,129.709302,0.936022,6.531473,6.567397,6.491238,7.407121,7.407121,11.510595,3.675659,6.585228,7.737945
Dic 24,130.405784,0.766484,7.449863,7.449863,130.747254,0.800214,7.420165,7.420165,8.499622,11.129505,11.129505,18.117647,3.464599,7.871289,8.286094
Ene 25,131.336706,0.713865,7.730539,0.713865,131.539561,0.605984,7.617831,0.605984,9.313546,6.946887,6.946887,23.174324,3.184154,9.084196,5.954976
Feb 25,132.084394,0.569291,7.902867,1.28722,132.337102,0.606312,7.921132,1.21597,9.545235,11.08249,11.08249,20.860637,3.339758,9.126293,5.730499
Mar 25,132.19426,0.083178,7.215014,1.371469,132.644059,0.231951,7.342207,1.450742,8.041434,6.681287,6.681287,18.553621,3.746957,8.635365,4.343095
Abr 25,132.511891,0.240276,6.870799,1.61504,133.09434,0.339466,7.149289,1.795132,7.146078,1.728032,1.728032,13.345769,4.706207,8.205579,7.061319
May 25,132.529421,0.013229,6.379645,1.628483,133.357746,0.197909,6.805341,1.996594,7.450491,6.721539,6.721539,6.373581,4.68721,7.513966,5.207659
Jun 25,132.442303,-0.065735,4.894927,1.561678,133.033385,-0.243227,5.193082,1.748512,5.615504,2.081386,2.081386,5.783443,4.082098,5.115594,5.27949
Jul 25,131.807553,-0.479265,3.772305,1.074928,132.434943,-0.449843,4.052308,1.290803,3.560596,-3.118939,-3.118939,4.340345,3.897325,3.989322,4.645732
Ago 25,131.34329,-0.352228,3.334876,0.718914,132.008275,-0.322172,3.744124,0.964472,3.870058,-1.572456,-1.572456,0.90463,3.678632,3.075853,4.52691
Sep 25,131.641194,0.226813,3.056566,0.947358,132.337058,0.249062,3.372322,1.215937,3.966052,0.484079,0.484079,1.576071,3.424176,2.436189,3.696965
Oct 25,131.980532,0.26858,2.956874,1.218482,132.884932,0.413998,3.407206,1.634969,3.860563,0.647178,0.647178,-1.919991,4.013541,2.287926,4.327824
Nov 25,132.481924,0.362736,2.364276,1.585638,133.390583,0.380519,2.838102,2.021709,3.003224,-1.106885,-1.106885,-1.520369,3.865138,1.395557,3.883954
Dic 25,133.128373,0.487953,2.087782,2.087782,134.129176,0.553706,2.58661,2.58661,2.249785,-3.776711,-3.776711,2.152949,3.927327,0.908551,4.052096
Ene 26,133.294768,0.12257,1.488421,0.12257,134.323074,0.144561,2.116103,0.144561,1.27247,-5.895565,-5.895565,1.483688,3.951787,0.077427,3.662652
Feb 26,133.819125,0.189763,1.107866,0.314989,134.536883,0.159175,1.662256,0.303966,1.389177,-6.298395,-6.298395,4.253788,4.079665,-0.784954,3.156149
Mar 26,135.922717,1.724164,2.765652,2.044583,135.909594,1.020323,2.461878,1.327391,2.005958,-1.054426,-1.054426,19.703476,4.001148,0.48251,4.090826
Abr 26,135.900076,0.029767,2.526981,2.052206,135.707542,-0.148666,1.963421,1.176751,1.048608,-3.937115,-3.937115,21.266592,4.154795,0.312689,3.562852
May 26,136.418568,0.381524,2.934554,2.471445,136.090213,0.281982,2.048975,1.462051,0.638205,-9.332546,-9.332546,30.840409,4.594421,0.842846,5.37326
Jun 26,135.229753,-0.871446,2.104653,1.578462,135.546564,-0.399477,1.889134,1.056734,0.330331,-9.083008,-9.083008,12.069244,5.195076,0.612767,5.031245
Jul 26,135.185239,-0.032918,2.562589,1.545024,135.688675,0.104843,2.456853,1.162685,1.545514,-7.245166,-7.245166,10.177846,5.78763,1.586369,4.191698
